id,word,difficulty
2,阿狗阿猫,29
6,阿猫阿狗,27
23,爱富嫌贫,8
77,哀丝豪竹,29
90,安邦定国,6
91,安邦治国,7
102,安常守分,28
104,安常习故,34
109,暗斗明争,5
138,暗箭明枪,11
142,安居乐业,1
144,安良除暴,7
156,安内攘外,19
158,安贫乐道,11
160,安贫守道,15
163,岸然道貌,14
181,安身立命,2
187,暗室不欺,35
242,昂霄耸壑,24
276,鳌头独占,10
281,傲雪欺霜,22
283,聱牙佶屈,24
284,聱牙诘曲,45
285,聱牙诘屈,17
286,謷牙诘屈,48
293,巴巴结结,8
304,拔萃出类,9
305,拔萃出群,18
306,霸道横行,8
311,拔地倚天,33
325,跋扈飞扬,10
332,把酒持螯,48
337,拔类超群,20
347,八面威风,3
352,八难三灾,27
358,巴人下里,12
364,拔山扛鼎,24
365,拔山举鼎,24
377,把素持斋,47
389,八音遏密,47
443,百发百中,1
445,白发苍颜,17
467,百怪千奇,9
475,捭阖纵横,15
482,败化伤风,23
494,百计千方,4
501,败将残兵,16
503,百结愁肠,19
504,百结悬鹑,44
505,败井颓垣,24
508,白驹过隙,5
509,白驹空谷,47
512,百孔千疮,5
526,败柳残花,18
528,百虑一致,25
532,百媚千娇,18
561,白日青天,8
578,百世流芳,7
602,百顺百依,4
603,百顺千随,9
607,白叟黄童,31
608,败俗伤风,11
609,败俗伤化,24
627,摆尾摇头,9
646,白雪阳春,11
650,百依百顺,3
653,白衣苍狗,36
665,白云苍狗,8
678,百折千回,17
680,百中百发,5
696,斑驳陆离,28
710,半解一知,5
721,班门弄斧,6
757,半信半疑,3
760,半夜三更,2
761,半疑半信,4
781,帮闲钻懒,47
792,抱残守缺,11
794,抱残守阙,24
799,报仇雪耻,6
808,暴风疾雨,9
809,暴风骤雨,4
817,暴虎冯河,18
833,报李投桃,10
835,暴敛横征,8
841,宝马香车,23
852,饱食暖衣,14
855,保泰持盈,40
863,抱蔓摘瓜,42
925,悲歌击筑,32
926,悲歌慷慨,14
933,杯弓蛇影,4
941,悲欢离合,4
943,背井离乡,4
962,贝阙珠宫,18
989,背义负恩,19
991,背义忘恩,19
995,北辙南辕,9
1048,笔伐口诛,7
1073,璧合珠联,9
1074,璧合珠连,37
1091,比肩接踵,10
1103,弊绝风清,26
1125,壁垒森严,13
1130,毕力同心,19
1137,筚路褴褛,27
1182,蔽日干云,26
1183,蔽日遮天,17
1191,避实就虚,7
1211,比物连类,33
1214,婢膝奴颜,8
1218,避凶趋吉,17
1220,碧血丹心,24
1227,比翼连枝,29
1238,毕雨箕风,42
1239,闭月羞花,4
1249,弊帚千金,24
1250,敝帚千金,4
1331,表里山河,19
1346,标新领异,23
1350,别抱琵琶,18
1360,别鹤离鸾,34
1375,别类分门,6
1403,鬓乱钗横,45
1422,并蒂芙蓉,27
1441,冰肌玉骨,28
1442,并驾齐驱,5
1448,冰洁玉清,24
1456,兵连祸结,34
1470,冰清玉洁,11
1471,冰清玉润,29
1491,冰天雪窑,23
1492,冰天雪窖,21
1505,冰消瓦解,8
1511,冰心一片,23
1543,博古通今,11
1553,剥茧抽丝,22
1565,擘两分星,14
1568,拨乱反正,3
1575,薄命佳人,10
1579,剥皮抽筋,14
1596,博闻强记,11
1597,博闻强识,10
1611,拨雨撩云,35
1624,不拔一毛,5
1628,不卑不亢,3
1633,不避水火,27
1708,不分轩轾,12
1709,不分玉石,13
1710,不分皂白,9
1714,捕风捉影,4
1717,不服水土,11
1741,不苟言笑,3
1742,不古不今,35
1777,不疾不徐,17
1796,不今不古,35
1810,不咎既往,4
1837,不亢不卑,4
1888,补牢顾犬,33
1895,不劣方头,40
1902,不露锋芒,8
1903,不露圭角,17
1920,不名一钱,16
1921,不名一文,9
1927,不挠不屈,5
1938,不欺暗室,35
1955,不屈不挠,1
1958,补阙拾遗,20
1959,布裙荆钗,14
1960,不染一尘,7
2009,不识一丁,8
2017,不爽毫发,12
2038,布袜青鞋,50
2043,不问不闻,11
2044,不闻不问,9
2057,步线行针,26
2068,不省人事,10
2073,不徐不疾,21
2088,卜夜卜昼,32
2107,不易一字,26
2117,捕影系风,43
2178,不值一钱,7
2186,卜昼卜夜,32
2208,擦掌磨拳,14
2275,才疏德薄,28
2277,才疏学浅,7
2278,才疏意广,29
2279,才疏志大,10
2298,才子佳人,6
2301,残编断简,33
2303,残兵败将,14
2317,餐风宿水,16
2319,餐风宿雨,16
2321,餐风饮露,15
2323,残膏剩馥,45
2327,残花败柳,17
2334,惨绿愁红,40
2350,残山剩水,26
2351,蚕食鲸吞,13
2379,藏弓烹狗,43
2380,苍狗白衣,36
2381,苍狗白云,12
2383,沧海桑田,5
2394,藏龙卧虎,2
2402,藏头露尾,17
2403,藏污纳垢,12
2404,藏形匿影,23
2405,苍颜白发,16
2419,操戈入室,39
2420,操戈同室,12
2426,草庐三顾,21
2431,草靡风行,34
2449,草偃风行,26
2452,草长莺飞,10
2483,层峦叠嶂,13
2484,层峦迭嶂,22
2496,插科打诨,5
2507,茶余酒后,3
2509,姹紫嫣红,5
2512,钗横鬓乱,45
2550,缠绵悱恻,6
2560,谄笑胁肩,23
2580,尝胆卧薪,10
2586,肠肥脑满,14
2592,惝恍迷离,27
2604,长林丰草,25
2629,长蛇封豕,39
2641,倡条冶叶,50
2652,长吁短叹,5
2664,长治久安,3
2671,超凡出世,27
2672,超凡入圣,26
2674,嘲风弄月,44
2675,嘲风咏月,42
2680,超今越古,23
2691,超群拔类,21
2694,超群轶类,29
2713,朝阳丹凤,22
2720,车尘马足,31
2743,车水马龙,1
2749,车载斗量,8
2756,晨参暮礼,36
2782,沉李浮瓜,41
2797,趁热打铁,5
2826,沉鱼落雁,3
2831,晨钟暮鼓,14
2833,沉舟破釜,5
2838,成败得失,9
2848,乘车戴笠,46
2849,称臣纳贡,28
2853,惩恶劝善,21
2854,乘肥衣轻,40
2857,乘风破浪,1
2867,称孤道寡,11
2871,城狐社鼠,32
2872,骋怀游目,15
2895,成龙配套,18
2896,乘鸾跨凤,45
2926,成群逐队,26
2929,成仁取义,10
2976,称兄道弟,12
2995,持螯把酒,48
2996,齿白唇红,16
3004,尺布斗粟,38
3005,尺步绳趋,35
3019,赤胆忠心,3
3022,尺短寸长,26
3044,齿豁头童,37
3105,持危扶颠,23
3106,赤县神州,8
3129,持盈保泰,40
3135,池鱼笼鸟,32
3143,持斋把素,47
3158,虫臂鼠肝,31
3165,充栋汗牛,12
3174,冲冠发怒,10
3176,冲冠怒发,4
3179,重规叠矩,42
3180,重规迭矩,44
3189,充饥画饼,5
3219,虫沙猿鹤,42
3250,冲州过府,32
3251,冲州撞府,47
3260,愁肠百结,17
3274,愁红惨绿,40
3278,抽筋剥皮,15
3300,愁山闷海,26
3302,抽丝剥茧,19
3311,除暴安良,3
3314,楚材晋用,24
3323,出处进退,19
3336,楚得楚弓,33
3349,楚歌四面,6
3352,楚弓楚得,32
3356,出谷迁乔,38
3360,楚馆秦楼,21
3363,除害兴利,17
3390,出类拔萃,5
3414,怵目惊心,10
3423,出奴入主,28
3438,出群拔萃,18
3457,出生入死,1
3460,出世超凡,28
3470,出水芙蓉,14
3475,处堂燕雀,39
3479,楚尾吴头,42
3510,楚雨巫云,43
3517,处之泰然,10
3558,喘月吴牛,45
3559,穿云裂石,10
3560,穿凿附会,18
3562,穿针引线,4
3586,疮痍满目,8
3608,炊金馔玉,45
3626,垂名青史,21
3664,捶胸跌脚,18
3667,捶胸顿脚,17
3668,椎胸顿足,20
3669,捶胸顿足,8
3673,吹影镂尘,39
3676,春冰虎尾,37
3686,春风满面,3
3690,春风沂水,43
3694,唇干口燥,24
3696,春光漏泄,32
3698,春寒料峭,18
3700,唇红齿白,16
3701,春华秋实,7
3703,春花秋月,16
3704,春晖寸草,14
3705,春回大地,2
3708,唇焦舌敝,13
3711,醇酒妇人,32
3722,春葩丽藻,45
3723,唇枪舌剑,4
3728,春色满园,12
3733,春树暮云,23
3756,踔厉奋发,29
3760,啜菽饮水,24
3783,刺股悬梁,9
3804,词穷理屈,4
3819,词严义正,8
3821,辞严义正,11
3852,丛雀渊鱼,45
3877,粗服乱头,31
3881,簇锦团花,27
3889,粗衣粝食,14
3904,榱崩栋折,49
3915,摧枯拉朽,12
3920,翠绕珠围,31
3938,寸草春晖,14
3940,寸长尺短,28
3950,寸积铢累,20
3954,寸量铢称,40
3970,存亡继绝,36
3987,错彩镂金,38
3990,厝火积薪,19
3992,错节盘根,20
4001,搓手顿足,24
4002,蹉跎日月,14
4004,蹉跎岁月,5
4015,大笔如椽,14
4048,大地春回,6
4062,大法小廉,36
4088,打滚撒泼,23
4102,打诨插科,9
4128,大快人心,1
4139,大名鼎鼎,2
4161,大权独揽,10
4163,达权通变,40
4199,打铁趁热,7
4202,大同小异,1
4236,大雨滂沱,5
4237,大雨倾盆,12
4259,戴发含齿,34
4269,戴笠乘车,46
4271,带砺河山,39
4290,带水拖泥,7
4296,待兔守株,5
4303,带月披星,12
4304,戴月披星,7
4313,胆颤心惊,12
4315,胆粗气壮,20
4320,胆大心粗,18
4326,眈眈逐逐,45
4332,淡饭黄齑,43
4333,丹凤朝阳,20
4336,单鹄寡凫,46
4354,胆裂魂飞,20
4363,单枪匹马,5
4365,丹青妙手,18
4369,胆丧魂消,25
4394,淡写轻描,8
4395,丹心碧血,23
4403,弹雨枪林,8
4404,胆战心寒,15
4406,胆战心惊,4
4410,淡妆浓抹,21
4416,荡产倾家,5
4436,荡检逾闲,48
4443,荡气回肠,7
4449,党同伐异,11
4475,道长论短,15
4478,蹈常袭故,42
4483,倒持太阿,45
4485,道存目击,34
4491,道弟称兄,15
4494,倒凤颠鸾,29
4501,刀耕火耨,15
4505,道骨仙风,11
4506,道寡称孤,15
4514,倒海翻江,5
4515,道合志同,5
4516,蹈火赴汤,8
4517,蹈火探汤,28
4529,刀锯鼎镬,24
4532,蹈矩循规,15
4534,蹈厉奋发,30
4537,盗铃掩耳,5
4539,道貌岸然,12
4543,盗名欺世,6
4549,倒箧倾筐,21
4556,刀山火海,6
4557,刀山剑树,31
4561,岛瘦郊寒,49
4578,道西说东,11
4584,倒行逆施,4
4585,捣虚批吭,43
4596,道远日暮,25
4606,盗钟掩耳,20
4610,德薄才疏,28
4619,得尺得寸,27
4620,得寸得尺,27
4647,得失成败,6
4664,得意忘象,22
4667,得意扬扬,6
4668,得意洋洋,3
4683,登峰造极,13
4691,灯红酒绿,4
4693,灯火万家,8
4696,灯尽油干,32
4704,登山临水,13
4718,地北天南,4
4723,低唱浅斟,24
4725,地坼天崩,15
4731,地动山摇,10
4735,地覆天翻,5
4746,地棘天荆,37
4747,地角天涯,12
4752,地久天长,1
4753,敌忾同仇,9
4757,地老天荒,9
4769,地灵人杰,12
4777,地平天成,32
4806,地网天罗,8
4826,砥柱中流,6
4829,电掣风驰,6
4830,电掣星驰,18
4835,颠倒是非,3
4839,电光石火,23
4855,颠鸾倒凤,28
4858,颠沛流离,5
4886,电照风行,33
4892,调兵遣将,1
4905,吊胆惊心,9
4906,吊胆提心,4
4922,调虎离山,1
4925,雕阑玉砌,21
4926,雕梁画栋,8
4929,吊民伐罪,29
4933,雕墙峻宇,44
4943,调弦品竹,40
4951,吊誉沽名,27
4952,钓名沽誉,29
4953,钓誉沽名,9
4964,叠床架屋,14
4965,迭床架屋,11
4971,跌宕风流,18
4976,跌脚捶胸,20
4979,叠矩重规,42
4980,迭矩重规,44
4984,叠嶂层峦,15
4985,迭嶂层峦,24
4990,鼎鼎大名,2
4994,定国安邦,7
4995,鼎湖龙去,38
4996,鼎镬刀锯,25
5005,鼎鼐调和,46
5006,定倾扶危,38
5011,鼎食钟鸣,26
5015,鼎新革故,13
5019,鼎鱼幕燕,38
5027,鼎足三分,16
5033,丢盔弃甲,6
5078,东床坦腹,21
5091,动地惊天,5
5100,东风马耳,15
5122,东箭南金,37
5166,动魄惊心,6
5183,东山高卧,10
5185,冬扇夏炉,48
5190,东市朝衣,50
5199,洞天福地,28
5245,栋折榱崩,49
5259,豆重榆瞑,44
5265,豆分瓜剖,44
5272,斗酒双柑,43
5274,斗酒只鸡,30
5278,斗量车载,12
5284,豆剖瓜分,32
5295,抖擞精神,4
5296,斗粟尺布,38
5301,斗艳争妍,15
5303,都俞吁咈,50
5306,斗转参横,36
5307,斗转星移,7
5313,独步天下,13
5329,独断独行,10
5330,杜断房谋,29
5334,独夫民贼,29
5344,杜渐防萌,32
5345,杜渐防微,16
5349,独具匠心,4
5358,杜口结舌,25
5362,独来独往,7
5363,独揽大权,11
5404,读书三余,27
5410,独往独来,11
5413,黩武穷兵,7
5423,独行独断,12
5424,独行踽踽,17
5434,独运匠心,11
5435,独占鳌头,6
5458,断发文身,25
5464,断梗飘蓬,26
5465,断梗飘萍,43
5474,断鹤续凫,29
5479,断简残编,32
5483,断简遗编,29
5495,短叹长吁,7
5525,对床风雨,34
5527,对床夜雨,34
5532,堆金积玉,23
5540,对头冤家,8
5546,顿挫抑扬,12
5558,顿脚捶胸,18
5559,顿开茅塞,6
5589,顿足捶胸,9
5590,顿足搓手,24
5594,顿足椎胸,22
5595,多才多艺,1
5603,度德量力,28
5606,咄咄怪事,5
5608,咄咄书空,44
5614,堕溷飘茵,50
5644,夺胎换骨,43
5658,多艺多才,5
5672,噩噩浑浑,10
5677,扼吭拊背,49
5682,饿虎饥鹰,26
5698,蛾眉皓齿,24
5699,蛾眉螓首,49
5700,遏密八音,47
5725,鹅行鸭步,27
5756,恩山义海,32
5757,恩深义重,6
5770,迩安远至,40
5788,二满三平,17
5799,耳濡目染,14
5805,耳视目食,33
5813,耳提面命,11
5817,耳闻目睹,3
5818,耳闻目击,8
5819,耳闻目见,8
5835,发短心长,34
5845,发奸擿伏,42
5853,伐毛洗髓,43
5858,发怒冲冠,12
5877,伐异党同,15
5880,发隐擿伏,41
5884,发指眦裂,19
5890,伐罪吊民,30
5894,返本还元,31
5913,凡夫肉眼,17
5940,翻江倒海,3
5941,翻江搅海,19
5951,翻来覆去,1
5967,饭囊酒瓮,21
5969,饭囊衣架,24
5974,反朴归真,14
5977,反璞归真,12
5978,反朴还淳,42
5979,返朴还淳,32
6003,范水模山,29
6004,凡胎肉眼,14
6005,凡胎浊骨,39
6008,翻天覆地,1
6010,反听内视,38
6011,反听收视,25
6016,繁弦急管,14
6028,翻云覆雨,2
6029,泛宅浮家,21
6031,返照回光,8
6032,反正拨乱,7
6053,放刁撒泼,22
6075,防萌杜渐,33
6077,房谋杜断,30
6079,放牛归马,35
6090,方枘圆凿,24
6092,方头不劣,40
6095,防微杜渐,12
6101,方兴未艾,24
6117,方趾圆颅,18
6125,费财劳民,21
6127,悱恻缠绵,10
6167,飞黄腾达,4
6179,肥马轻裘,11
6188,废寝忘餐,4
6199,飞沙走石,2
6211,飞霜六月,20
6233,飞扬跋扈,6
6250,飞灾横祸,13
6256,分崩离析,11
6268,分钗破镜,40
6276,奋发踔厉,30
6277,奋发蹈厉,29
6295,分甘绝少,37
6297,焚膏继晷,19
6300,粉骨碎身,6
6330,分茅列土,26
6331,分茅裂土,43
6336,分门别类,2
6337,粉面油头,14
6345,焚琴煮鹤,21
6351,粉身碎骨,3
6378,分香卖履,36
6385,分星擘两,18
6397,焚舟破釜,12
6405,凤泊鸾飘,29
6406,凤泊鸾漂,14
6411,风餐露宿,7
6412,丰草长林,22
6424,风尘仆仆,5
6428,风驰电掣,4
6439,凤雏麟子,40
6445,风吹雨打,3
6448,蜂攒蚁集,42
6449,蜂攒蚁聚,42
6454,风度翩翩,8
6466,凤附龙攀,36
6471,奉公克己,8
6477,丰功伟绩,5
6488,风光旖旎,12
6490,冯河暴虎,22
6492,风和日丽,3
6494,风和日暖,2
6501,风虎云龙,32
6504,风花雪月,10
6507,风鬟雾鬓,27
6508,风鬟雨鬓,39
6518,烽火连天,4
6546,风流跌宕,18
6549,风流儒雅,17
6551,风流潇洒,4
6554,风流云散,20
6563,锋芒不露,4
6567,凤毛麟角,4
6588,封妻荫子,13
6597,风樯阵马,14
6598,风清弊绝,28
6599,风清月白,13
6601,风清月朗,9
6621,风声鹤唳,4
6622,封豕长蛇,39
6628,凤髓龙肝,25
6635,风调雨顺,2
6639,蜂屯蚁附,43
6640,蜂屯蚁聚,21
6645,凤舞龙飞,5
6647,凤舞鸾歌,31
6662,风行草靡,34
6663,风行草偃,23
6667,风行电照,33
6670,风行雷厉,5
6687,讽一劝百,45
6689,丰衣足食,1
6699,凤友鸾交,37
6705,风雨对床,34
6723,风月无边,15
6728,风云际会,8
6732,风云月露,27
6734,凤只鸾孤,38
6740,凤翥龙蟠,36
6741,凤翥龙翔,29
6743,凤翥鸾回,39
6744,凤翥鸾翔,33
6751,风轻云淡,10
6754,粉面朱唇,20
6756,佛口蛇心,11
6766,拊背扼吭,49
6789,父慈子孝,8
6797,福地洞天,28
6798,覆地翻天,4
6803,伏低做小,20
6805,扶颠持危,26
6806,凫短鹤长,37
6810,负恩背义,16
6818,腹非心谤,36
6822,附凤攀龙,6
6835,浮瓜沉李,41
6838,浮光掠影,12
6843,富贵浮云,26
6846,夫贵妻荣,26
6847,富贵荣华,5
6852,富国强兵,6
6859,伏虎降龙,13
6860,浮花浪蕊,41
6861,附会穿凿,22
6869,浮家泛宅,24
6888,扶老携幼,6
6891,富丽堂皇,12
6919,扶倾济弱,28
6920,覆去翻来,4
6921,负屈含冤,9
6924,负屈衔冤,12
6931,妇人醇酒,33
6936,芙蓉并蒂,28
6937,芙蓉出水,14
6943,扶弱抑强,16
6962,附势趋炎,16
6963,俯拾仰取,32
6991,赴汤蹈火,4
6998,扶危定倾,38
7002,扶危济困,8
7003,扶危救困,10
7005,扶危拯溺,27
7033,俯仰随人,16
7043,附翼攀鳞,40
7044,负义忘恩,6
7052,覆雨翻云,4
7053,釜鱼幕燕,43
7056,釜鱼甑尘,47
7061,浮云富贵,28
7096,附赘悬疣,32
7098,浮踪浪迹,24
7103,改步改玉,35
7118,改过迁善,16
7151,改弦易辙,17
7154,改姓更名,17
7159,改玉改步,35
7171,干柴烈火,12
7180,肝胆披沥,27
7184,肝胆照人,10
7226,旰食宵衣,16
7253,甘雨随车,36
7255,干云蔽日,23
7264,扛鼎拔山,24
7299,高车驷马,11
7314,高飞远走,8
7326,高官厚禄,4
7336,高节清风,28
7345,高垒深沟,30
7350,膏粱纨裦,30
7359,槁木死灰,12
7374,高山流水,6
7377,高深莫测,3
7387,高谈阔论,1
7388,高谈雄辩,23
7400,高卧东山,8
7401,高屋建瓴,6
7412,槁形灰心,37
7413,高悬秦镜,43
7422,高瞻远瞩,5
7453,割肚牵肠,18
7463,歌功颂德,6
7464,革故鼎新,11
7480,歌楼舞榭,14
7484,革面洗心,7
7507,歌台舞榭,18
7571,绠短汲深,30
7586,更名改姓,16
7592,更深夜静,11
7609,攻城掠地,17
7613,功成身退,8
7634,共贯同条,40
7679,共挽鹿车,49
7702,公正廉明,16
7710,公子王孙,14
7714,狗党狐朋,14
7715,狗党狐群,17
7716,狗盗鸡鸣,7
7718,狗盗鼠窃,24
7723,狗肺狼心,5
7726,狗苟蝇营,11
7730,篝火狐鸣,27
7733,狗马声色,29
7736,垢面蓬头,8
7751,狗偷鼠窃,24
7757,狗行狼心,19
7762,钩玄提要,44
7773,钩爪锯牙,49
7787,孤臣孽子,40
7796,古道热肠,17
7801,孤独鳏寡,14
7810,鼓腹含哺,45
7812,鼓腹击壤,41
7816,故宫禾黍,48
7822,顾后瞻前,8
7828,毂击肩摩,46
7845,孤苦零丁,8
7846,孤苦伶仃,5
7851,孤鸾寡鹄,43
7857,沽名吊誉,24
7858,沽名钓誉,5
7876,顾曲周郎,44
7877,顾犬补牢,32
7885,骨肉至亲,9
7894,鼓舌摇唇,19
7910,古往今来,1
7918,故我依然,12
7919,鼓舞欢欣,8
7920,鼓舞欢忻,30
7928,孤行一意,6
7940,沽誉钓名,29
7944,孤云野鹤,21
7946,孤掌难鸣,3
7959,瓜瓞绵绵,49
7960,挂肚牵肠,7
7964,瓜分豆剖,33
7965,寡凫单鹄,46
7975,寡鹄孤鸾,43
7984,瓜剖豆分,44
7989,瓜田李下,7
7993,寡信轻诺,21
8005,怪事咄咄,9
8008,怪雨盲风,34
8029,鳏寡孤独,15
8043,纶巾羽扇,13
8047,管窥蠡测,19
8055,冠冕堂皇,6
8067,贯通融会,8
8073,贯朽粟陈,42
8075,贯朽粟红,41
8101,光风霁月,14
8103,光怪陆离,5
8114,光明磊落,3
8115,光明正大,2
8117,光前绝后,31
8120,光天化日,10
8143,贵耳贱目,38
8145,鬼斧神工,4
8166,圭角不露,13
8178,鬼哭神愁,28
8179,鬼哭神号,7
8180,鬼哭神嚎,8
8184,鬼烂神焦,28
8191,龟龙麟凤,41
8193,归马放牛,35
8194,龟毛兔角,42
8199,刿目鉥心,41
8204,鬼泣神号,18
8220,鬼使神差,10
8235,桂薪玉粒,29
8264,归真反朴,18
8265,归真反璞,14
8291,过府冲州,32
8298,国计民生,6
8302,过街老鼠,2
8309,国破家亡,2
8313,国色天香,7
8314,国色天姿,15
8318,裹尸马革,9
8320,过市招摇,14
8322,国泰民安,2
8328,过隙白驹,9
8332,过眼烟云,10
8333,过眼云烟,10
8338,海北天南,7
8345,海沸江翻,39
8350,海角天涯,5
8353,海枯石烂,14
8355,海阔天空,4
8356,骇浪惊涛,9
8360,骇目惊心,23
8373,海誓山盟,3
8374,海市蜃楼,6
8382,海啸山崩,10
8385,海晏河清,12
8394,含哺鼓腹,45
8397,寒蝉仗马,46
8400,含齿戴发,34
8404,邯郸学步,6
8423,含垢匿瑕,41
8425,含垢忍耻,20
8426,含垢忍辱,20
8436,寒来暑往,8
8439,汗流浃背,5
8457,汗牛充栋,8
8462,含情脉脉,5
8470,含沙射影,5
8477,撼树蚍蜉,17
8489,含辛茹苦,4
8503,含冤负屈,8
8510,航海梯山,44
8513,行间字里,12
8518,皓齿蛾眉,24
8520,皓齿明眸,15
8524,豪夺巧取,16
8526,毫发不爽,8
8534,号寒啼饥,16
8608,豪竹哀丝,28
8615,和璧隋珠,33
8619,鹤长凫短,37
8622,合胆同心,22
8631,鹤发鸡皮,11
8633,鹤发童颜,7
8659,河决鱼烂,37
8662,鹤唳风声,4
8663,鹤唳华亭,46
8680,合浦还珠,46
8681,合浦珠还,30
8689,河清海晏,13
8702,河山带砺,39
8705,禾黍故宫,48
8726,鹤怨猿惊,36
8728,涸辙枯鱼,29
8733,鹤子梅妻,33
8741,黑白混淆,5
8744,黑地昏天,6
8765,横冲直撞,1
8779,横祸飞灾,17
8786,衡虑困心,23
8795,横眉怒目,2
8810,横生枝节,17
8821,横行霸道,4
8834,横征暴敛,4
8845,红愁绿惨,31
8852,鸿断鱼沉,33
8859,洪福齐天,11
8861,轰轰烈烈,1
8873,鸿毛泰山,22
8875,红男绿女,7
8927,鸿爪雪泥,22
8942,后海先河,33
8957,厚禄高官,6
8966,厚生利用,33
8967,后生小子,8
8974,后拥前呼,14
8975,虎背熊腰,4
8981,虎步龙行,13
8991,虎斗龙争,4
9011,虎踞龙盘,3
9013,虎踞龙蟠,11
9018,虎窟龙潭,15
9029,葫芦依样,10
9040,鹄面鸠形,30
9042,狐鸣篝火,29
9047,狐朋狗党,11
9050,呼朋引类,23
9058,狐群狗党,14
9083,呼天抢地,18
9091,虎头燕颔,30
9095,虎尾春冰,37
9097,虎卧龙跳,31
9106,鹄形鸟面,34
9108,虎穴龙潭,7
9111,胡言乱语,2
9120,鹄峙鸾停,44
9134,画饼充饥,1
9139,花残月缺,28
9142,花晨月夕,32
9158,画栋雕梁,10
9167,花好月圆,2
9168,花红柳绿,5
9181,花街柳陌,37
9182,花街柳市,19
9184,花街柳巷,22
9200,花明柳暗,10
9204,花前月下,6
9205,花衢柳陌,41
9206,化日光天,11
9207,花容月貌,10
9219,花天酒地,2
9220,华亭鹤唳,46
9223,花团锦簇,5
9232,花香鸟语,5
9238,花言巧语,3
9244,画意诗情,12
9247,花朝月夕,35
9248,花朝月夜,36
9271,怀黄佩紫,42
9275,怀瑾握瑜,24
9302,还淳返朴,33
9303,还淳反朴,42
9307,换斗移星,32
9311,环肥燕瘦,27
9312,换骨夺胎,43
9313,换骨脱胎,9
9319,缓急轻重,10
9334,换日偷天,7
9345,欢欣鼓舞,5
9346,欢忻鼓舞,30
9348,换羽移宫,47
9350,还元返本,32
9353,还珠合浦,46
9354,还珠买椟,5
9357,潢池弄兵,48
9374,黄花晚节,31
9379,黄齑淡饭,43
9384,黄卷青灯,42
9394,黄龙痛饮,27
9429,黄童白叟,30
9450,回肠荡气,10
9455,毁车杀马,22
9460,回春妙手,7
9464,诲盗诲淫,12
9465,会道能说,5
9479,隳肝沥胆,47
9486,回光返照,4
9499,辉煌金碧,9
9505,晦迹韬光,23
9537,绘声绘影,8
9538,回生起死,7
9556,灰心槁形,37
9558,蕙心兰质,14
9570,诲淫诲盗,12
9571,绘影绘声,8
9598,魂飞胆裂,20
9604,魂飞魄荡,26
9605,魂飞魄散,3
9618,浑浑噩噩,6
9624,浑金璞玉,26
9632,魂劳梦断,30
9636,魂飘魄散,20
9657,昏天黑地,2
9667,魂消胆丧,27
9668,混淆黑白,5
9669,魂销目断,30
9678,活剥生吞,11
9704,火海刀山,7
9708,祸结兵连,34
9725,火灭烟消,21
9726,火耨刀耕,19
9729,祸起萧墙,8
9741,火热水深,5
9756,祸首罪魁,9
9758,火树银花,12
9768,祸枣灾梨,47
9776,激昂慷慨,4
9812,积草屯粮,23
9838,棘地荆天,23
9839,蹐地局天,39
9840,蹐地踨天,41
9847,极恶穷凶,7
9866,箕风毕雨,42
9902,击毂摩肩,41
9908,急管繁弦,18
9914,继晷焚膏,23
9925,际会风云,12
9936,己饥己溺,42
9946,击楫中流,15
9960,继绝存亡,36
9964,济困扶危,8
9988,鸡鸣狗盗,3
10000,己溺己饥,42
10006,鸡皮鹤发,12
10014,畸轻畸重,24
10020,计穷力屈,25
10030,佶屈聱牙,21
10047,击壤鼓腹,41
10063,吉日良辰,13
10064,吉日良时,16
10075,济弱扶倾,26
10091,汲深绠短,31
10102,济世匡时,13
10113,疾首痛心,5
10122,击碎唾壶,45
10133,既往不咎,7
10134,继往开来,3
10135,吉网罗钳,44
10162,积薪厝火,23
10167,计行言听,22
10197,饥鹰饿虎,27
10201,疾雨暴风,13
10203,积玉堆金,25
10205,击玉敲金,27
10210,霁月光风,18
10227,畸重畸轻,27
10234,击筑悲歌,33
10239,激浊扬清,18
10244,浃背汗流,9
10280,加官进禄,17
10290,家给人足,20
10304,价廉物美,3
10305,物美价廉,3
10314,家破人亡,9
10322,佳人薄命,6
10323,佳人才子,9
10337,浃髓沦肌,27
10341,家亡国破,6
10345,架屋叠床,18
10346,架屋迭床,15
10349,驾雾腾云,12
10361,加油添醋,12
10369,戛玉敲冰,14
10370,戛玉敲金,14
10384,剑拔弩张,5
10412,剑胆琴心,31
10435,见羹见墙,35
10442,见惯司空,8
10450,剑及屦及,42
10492,建瓴高屋,10
10502,肩摩毂击,46
10505,肩摩踵接,11
10506,贱目贵耳,38
10510,艰难险阻,6
10520,见墙见羹,35
10528,见仁见智,7
10563,剑树刀山,31
10575,践土食毛,45
10611,见智见仁,8
10612,剪烛西窗,49
10625,江翻海沸,39
10636,降贵纡尊,27
10675,匠心独具,6
10677,匠心独运,7
10701,交臂失之,6
10702,交臂相失,31
10734,搅海翻江,20
10735,郊寒岛瘦,49
10773,矫揉造作,5
10799,焦头烂额,5
10842,结草衔环,8
10852,揭地掀天,12
10854,接二连三,1
10861,解纷排难,15
10871,截鹤续凫,42
10886,结结巴巴,6
10909,诘曲聱牙,45
10910,诘屈聱牙,13
10913,诘屈謷牙,48
10920,结舌杜口,27
10938,街谈巷议,8
10942,截铁斩钉,9
10944,街头巷尾,1
10958,解衣推食,23
10971,接踵比肩,10
10986,金碧辉煌,5
10992,金波玉液,36
10996,金钗十二,27
11000,金蝉脱壳,1
11007,锦簇花团,9
11032,金戈铁马,10
11049,金匮石室,40
11072,金浆玉液,37
11077,金尽裘弊,36
11083,襟裾马牛,27
11086,金科玉律,12
11096,今来古往,5
11102,进禄加官,18
11104,进旅退旅,30
11105,金马玉堂,34
11107,尽美尽善,8
11110,金迷纸醉,8
11121,筋疲力尽,1
11150,尽善尽美,7
11162,金声玉振,26
11163,金声掷地,36
11191,进退出处,22
11264,金相玉质,37
11271,锦心绣口,31
11285,锦衣玉食,10
11288,晋用楚材,27
11289,金友玉昆,42
11295,矜愚饰智,39
11303,金章紫绶,18
11310,禁止令行,15
11311,金枝玉叶,10
11320,经邦论道,35
11332,荆钗布裙,12
11343,竞短争长,14
11359,镜花水月,16
11379,荆棘铜驼,33
11387,精进勇猛,18
11391,兢兢业业,5
11398,兢兢战战,10
11400,井臼亲操,38
11407,敬老怜贫,24
11414,经纶满腹,9
11420,经年累月,13
11428,泾清渭浊,48
11431,经丘寻壑,37
11447,精神抖擞,4
11466,惊涛骇浪,5
11471,惊天动地,1
11472,荆天棘地,20
11474,鲸吞蚕食,13
11486,经文纬武,38
11504,惊心怵目,13
11506,惊心吊胆,10
11509,惊心骇目,22
11515,惊心眩目,26
11516,惊心动魄,3
11538,荆榛满目,15
11541,敬终慎始,26
11550,久安长治,7
11564,酒地花天,6
11578,九故十亲,22
11579,柳骨颜筋,39
11592,九合一匡,41
11594,旧恨新仇,7
11595,旧恨新愁,10
11596,酒后茶余,5
11616,救经引足,37
11621,鸠居鹊巢,41
11625,救困扶危,12
11629,九烈三贞,33
11633,九流三教,10
11636,酒绿灯红,7
11671,九死一生,2
11681,酒瓮饭囊,23
11685,鸠形鹄面,29
11686,就虚避实,11
11700,鸠占鹊巢,5
11703,九州四海,14
11711,举案齐眉,4
11729,举鼎拔山,23
11749,屦及剑及,42
11750,拒谏饰非,14
11753,踽踽独行,13
11800,局天蹐地,39
11801,踨天蹐地,41
11822,锯牙钩爪,49
11838,举止言谈,9
11861,卷甲韬戈,38
11893,撧耳挠腮,47
11897,绝后光前,32
11906,绝伦逸群,23
11913,抉目悬门,37
11918,绝少分甘,37
11955,峻宇雕墙,44
11987,开来继往,7
11995,开门揖盗,12
12038,坎止流行,46
12044,慷慨悲歌,12
12047,慷慨激昂,4
12084,可歌可泣,3
12087,刻骨镂心,10
12088,刻骨铭心,4
12095,克己奉公,4
12099,克俭克勤,13
12108,可泣可歌,6
12109,克勤克俭,11
12121,科头跣足,29
12138,肯构肯堂,49
12139,肯堂肯构,49
12154,空谷白驹,47
12157,空谷足音,10
12159,恐后争先,5
12169,孔思周情,37
12190,口呆目瞪,6
12198,口服心服,11
12212,口快心直,5
12242,口燥唇干,24
12246,口诛笔伐,4
12255,苦海茫茫,14
12261,苦口良药,6
12264,哭哭啼啼,3
12271,枯木朽株,24
12299,枯鱼涸辙,30
12300,苦雨凄风,8
12315,跨凤乘鸾,45
12361,狂蜂浪蝶,26
12363,狂风骤雨,16
12364,旷夫怨女,23
12399,匡时济世,10
12409,窥豹一斑,5
12440,困心衡虑,26
12445,阔论高谈,5
12456,拉朽摧枯,16
12484,烂额焦头,7
12489,褴褛筚路,29
12490,烂漫天真,8
12491,烂熳天真,23
12506,兰因絮果,49
12510,兰质蕙心,18
12519,狼奔豕突,5
12520,狼奔鼠窜,28
12523,郎才女貌,5
12531,浪蝶狂蜂,28
12532,浪蝶游蜂,33
12544,浪迹浮踪,25
12546,浪迹萍踪,24
12558,浪蕊浮花,41
12567,狼心狗肺,1
12568,狼心狗行,22
12575,朗月清风,22
12586,老成练达,26
12603,老马识途,9
12606,劳民费财,18
12615,牢骚满腹,7
12625,老鼠过街,5
12654,乐道安贫,15
12663,乐祸幸灾,5
12682,乐天知命,15
12687,乐业安居,4
12696,累牍连篇,16
12699,擂鼓筛锣,24
12710,雷厉风行,3
12716,磊落光明,5
12720,雷鸣瓦釜,22
12736,累月经年,16
12771,厉兵秣马,4
12784,蠡测管窥,20
12786,俐齿伶牙,9
12787,利齿能牙,24
12793,李代桃僵,19
12797,沥胆隳肝,47
12798,沥胆披肝,8
12802,力敌势均,8
12820,离合悲欢,8
12823,骊黄牝牡,31
12825,离魂倩女,44
12826,利己损人,4
12828,力竭声嘶,9
12829,力尽筋疲,5
12844,丽句清词,23
12845,丽句清辞,36
12849,澧兰沅芷,50
12862,离鸾别鹤,34
12868,立命安身,6
12877,理屈词穷,2
12878,力屈计穷,26
12885,离山调虎,5
12893,粝食粗衣,18
12913,利锁名缰,33
12919,犁庭扫穴,48
12927,离析分崩,14
12930,李下瓜田,10
12935,离乡背井,5
12947,沥血披肝,28
12948,沥血披心,32
12954,里应外合,2
12955,利用厚生,33
12963,丽藻春葩,45
12969,理直气壮,2
12981,练达老成,25
13008,连类比物,33
13021,廉明公正,19
13026,连篇累牍,12
13032,怜贫敬老,24
13033,怜贫惜老,24
13034,怜贫恤老,26
13045,连三接二,4
13059,连天烽火,8
13064,怜香惜玉,5
13067,怜新弃旧,21
13078,连枝比翼,30
13084,连枝同气,28
13097,良辰吉日,12
13098,良辰美景,4
13100,两次三番,8
13122,量力度德,29
13126,两两三三,4
13139,良时吉日,14
13157,两袖清风,3
13158,良药苦口,4
13160,两意三心,10
13179,撩蜂剔蝎,47
13186,料峭春寒,19
13204,撩云拨雨,35
13212,烈火干柴,16
13215,烈火真金,10
13218,烈烈轰轰,5
13220,裂石穿云,14
13223,列土分茅,28
13224,裂土分茅,43
13234,鳞次栉比,12
13240,麟凤龟龙,41
13250,麟角凤毛,8
13260,林林总总,8
13274,临深履薄,21
13276,临水登山,15
13298,麟子凤雏,40
13304,零丁孤苦,10
13305,伶仃孤苦,7
13315,玲珑剔透,6
13342,令行禁止,11
13345,伶牙俐齿,5
13351,领异标新,25
13358,柳暗花明,7
13360,六臂三头,10
13373,流芳百世,3
13379,流风余韵,30
13392,流金铄石,17
13395,刘郎前度,29
13399,流离颠沛,9
13402,流离琐尾,45
13413,柳绿花红,1
13414,柳绿桃红,19
13422,柳陌花街,37
13423,柳陌花衢,41
13426,流年似水,4
13437,柳市花街,21
13439,流水高山,9
13440,流水落花,5
13441,流水桃花,15
13443,流水行云,11
13450,六问三推,30
13455,流行坎止,46
13456,柳巷花街,20
13458,溜须拍马,8
13478,六月飞霜,20
13491,龙飞凤舞,1
13498,龙肝凤髓,22
13526,笼鸟池鱼,32
13527,龙攀凤附,36
13532,龙蟠凤翥,36
13534,龙盘虎踞,5
13535,龙蟠虎踞,11
13540,龙去鼎湖,38
13551,龙潭虎窟,13
13552,龙潭虎穴,5
13563,龙跳虎卧,32
13574,龙翔凤翥,29
13585,龙行虎步,9
13611,龙争虎斗,2
13620,镂尘吹影,39
13626,楼阁亭台,15
13627,镂骨铭肌,43
13628,镂骨铭心,17
13630,镂金错彩,38
13633,漏尽钟鸣,38
13638,漏泄春光,33
13642,镂心刻骨,12
13650,露才扬己,37
13653,鹿车共挽,49
13655,露胆披肝,28
13660,陆海潘江,46
13668,陆离斑驳,27
13669,陆离光怪,9
13670,戮力齐心,16
13671,戮力同心,7
13682,路柳墙花,37
13690,露面抛头,12
13701,露宿风餐,11
13703,露尾藏头,18
13724,乱臣贼子,18
13735,鸾歌凤舞,30
13737,鸾孤凤只,38
13740,鸾回凤翥,39
13744,鸾交凤友,37
13746,鸾飘凤泊,27
13747,鸾漂凤泊,18
13756,鸾停鹄峙,44
13757,乱头粗服,31
13759,鸾翔凤翥,32
13763,乱语胡言,5
13766,乱坠天花,7
13773,论长说短,11
13774,论道经邦,35
13776,论短道长,16
13783,论黄数白,31
13784,论黄数黑,36
13785,沦肌浃髓,24
13791,论世知人,18
13798,裸裎袒裼,48
13802,落花流水,1
13820,罗钳吉网,44
13825,裸袖揎拳,42
13826,攞袖揎拳,45
13827,捰袖揎拳,48
13828,捋袖揎拳,50
13829,落雁沉鱼,7
13831,洛阳纸贵,12
13847,履薄临深,24
13848,绿惨红愁,32
13864,绿女红男,11
13872,绿水青山,3
13892,掠地攻城,19
13905,掠影浮光,16
13911,马勃牛溲,27
13923,马耳东风,15
13924,马翻人仰,7
13927,马革裹尸,5
13929,马工枚速,49
13930,枚速马工,49
13932,马迹蛛丝,9
13933,马角乌白,35
13934,马角乌头,35
13936,马龙车水,5
13942,马面牛头,12
13944,马牛襟裾,24
13955,马上墙头,20
13967,马壮人强,17
13969,马足车尘,30
13973,卖刀买犊,23
13975,买椟还珠,1
13977,买犊卖刀,25
13996,卖剑买牛,11
14001,买空卖空,11
14002,卖空买空,12
14006,卖履分香,36
14007,买马招兵,7
14008,买马招军,25
14011,买牛卖剑,15
14014,卖俏行奸,38
14015,卖俏迎奸,39
14032,卖笑追欢,20
14033,买笑追欢,18
14036,麦秀黍离,40
14057,满腹经纶,5
14058,满腹牢骚,5
14060,满腹疑团,14
14062,满谷满坑,24
14064,满坑满谷,24
14069,满面春风,1
14071,满目疮痍,8
14072,满目荆榛,19
14096,瞒天昧地,14
14097,谩天昧地,36
14112,瞒心昧己,20
14114,曼衍鱼龙,49
14116,蛮烟瘴雨,30
14119,满园春色,14
14128,盲风怪雨,34
14135,茫茫苦海,16
14157,茅茨土阶,48
14179,茅庐三顾,12
14182,茅塞顿开,4
14203,昧地瞒天,16
14204,昧地谩天,36
14211,眉飞眼笑,9
14215,昧己瞒心,20
14223,美景良辰,8
14237,梅妻鹤子,32
14242,美人香草,34
14274,闷海愁山,28
14284,门墙桃李,31
14299,梦断魂劳,31
14316,盟山誓海,27
14340,觅迹寻踪,14
14345,迷离惝恍,24
14347,迷离扑朔,6
14358,糜躯碎首,40
14374,迷头认影,50
14419,绵绵瓜瓞,49
14429,面命耳提,14
14433,面目狰狞,6
14451,眠霜卧雪,43
14470,面折廷争,30
14486,妙手丹青,19
14487,妙手回春,3
14490,妙算神机,12
14492,妙舞清歌,21
14515,民安国泰,6
14516,民安物阜,18
14525,民膏民脂,19
14529,民康物阜,19
14535,民生国计,8
14545,民贼独夫,29
14546,民脂民膏,18
14560,命俦啸侣,43
14578,鸣凤朝阳,29
14607,铭肌镂骨,43
14608,命蹇时乖,26
14610,名缰利锁,32
14634,明眸皓齿,13
14639,明枪暗箭,7
14674,铭心刻骨,8
14675,铭心镂骨,21
14690,明月清风,9
14698,明争暗斗,3
14724,莫测高深,3
14731,磨穿铁砚,24
14745,默化潜移,8
14750,摩肩击毂,41
14774,末路穷途,7
14777,秣马厉兵,4
14781,脉脉含情,7
14791,磨拳擦掌,12
14794,模山范水,30
14810,抹月批风,38
14812,莫展一筹,8
14820,默转潜移,24
14857,暮楚朝秦,9
14862,目瞪口呆,4
14871,木雕泥塑,20
14874,目睹耳闻,5
14875,目断魂销,31
14881,暮鼓朝钟,22
14882,暮鼓晨钟,17
14891,木坏山颓,45
14892,目击道存,34
14893,目击耳闻,8
14895,目见耳闻,10
14899,暮景桑榆,30
14903,暮礼晨参,37
14915,暮暮朝朝,4
14922,目染耳濡,16
14931,目食耳视,33
14935,暮四朝三,5
14936,目送手挥,39
14937,幕天席地,18
14952,暮想朝思,8
14956,目眩头昏,10
14957,目眩头晕,7
14958,幕燕鼎鱼,38
14959,幕燕釜鱼,43
14968,暮雨朝云,19
14969,沐雨栉风,9
14971,暮云春树,22
14986,拿粗挟细,49
14990,纳贡称臣,27
14991,纳垢藏污,16
15000,纳士招贤,19
15004,纳新吐故,16
15008,拏云握雾,42
15014,乃文乃武,18
15016,乃武乃文,22
15025,难弟难兄,10
15027,难分难解,10
15028,难分难舍,2
15030,男耕女织,12
15044,难解难分,10
15045,南金东箭,37
15054,难鸣孤掌,7
15068,难舍难分,1
15070,难兄难弟,8
15080,南辕北辙,5
15094,囊萤映雪,12
15099,脑满肠肥,11
15102,挠腮撧耳,47
15111,内柔外刚,26
15113,内视反听,38
15126,能屈能伸,4
15128,能伸能屈,6
15130,能说会道,1
15133,能牙利齿,22
15159,匿迹潜形,23
15160,匿迹销声,7
15169,逆施倒行,8
15172,泥塑木雕,19
15177,匿瑕含垢,41
15180,匿影藏形,21
15187,逆子贼臣,28
15202,拈花惹草,5
15220,年深日久,8
15237,鸟道羊肠,22
15252,尿流屁滚,11
15253,鸟面鹄形,34
15258,袅袅余音,7
15259,袅娜娉婷,24
15264,鸟散鱼溃,39
15269,鸟语花香,1
15277,捏脚捏手,12
15278,蹑脚蹑手,9
15285,捏手捏脚,14
15286,蹑手蹑脚,5
15296,蹑影追风,36
15298,孽子孤臣,40
15333,牛溲马勃,24
15340,牛头马面,9
15353,弄兵潢池,48
15354,弄法舞文,29
15355,弄粉调朱,23
15356,弄斧班门,10
15359,弄鬼弄神,12
15366,浓抹淡妆,21
15370,弄神弄鬼,9
15378,弄月嘲风,44
15379,弄月吟风,15
15391,怒发冲冠,1
15400,怒目横眉,6
15410,奴颜婢膝,6
15412,弩张剑拔,8
15413,暖衣饱食,15
15421,女貌郎才,9
15425,女织男耕,14
15455,怕死贪生,5
15457,怕硬欺软,5
15465,徘徊歧路,13
15468,拍马溜须,9
15469,排难解纷,12
15480,盘根错节,17
15486,潘江陆海,46
15490,攀鳞附翼,40
15492,攀龙附凤,2
15529,旁门左道,7
15543,滂沱大雨,5
15553,炮凤烹龙,41
15554,砲凤烹龙,45
15565,抛头露面,12
15570,配套成龙,19
15574,佩紫怀黄,42
15584,鹏程万里,8
15587,烹狗藏弓,43
15588,捧毂推轮,47
15592,烹龙炮凤,41
15594,烹龙砲凤,45
15603,蓬头垢面,4
15610,捧心西子,35
15621,批风抹月,38
15626,蚍蜉撼树,13
15634,披肝沥胆,4
15635,披肝沥血,26
15636,披肝露胆,29
15639,屁滚尿流,8
15640,批吭捣虚,43
15647,否极泰来,4
15654,披坚执锐,26
15662,披沥肝胆,24
15673,匹马单枪,7
15686,琵琶别抱,19
15701,否往泰来,27
15707,披心沥血,31
15709,披星带月,9
15710,披星戴月,3
15739,翩翩风度,9
15768,胼胝手足,22
15783,飘蓬断梗,28
15786,飘萍断梗,43
15788,飘瓦虚舟,38
15791,飘茵堕溷,50
15814,牝牡骊黄,30
15823,品竹调弦,40
15824,品竹弹丝,28
15825,品竹调丝,29
15848,平分秋色,6
15867,娉婷袅娜,24
15883,萍踪浪迹,26
15896,魄荡魂飞,27
15898,破釜沉舟,3
15899,破釜焚舟,14
15913,破家亡国,13
15919,破镜分钗,40
15927,破浪乘风,5
15935,魄散魂飞,7
15936,魄散魂飘,23
15992,铺眉苫眼,40
15996,仆仆风尘,9
16003,扑朔迷离,5
16016,璞玉浑金,24
16018,铺张扬厉,36
16023,弃本逐末,35
16033,棋布星罗,16
16066,气得志满,23
16085,凄风苦雨,4
16087,起凤腾蛟,26
16110,漆黑一团,9
16114,琪花瑶草,22
16115,奇花异草,13
16127,弃甲丢盔,10
16130,弃甲曳兵,12
16134,气骄志满,32
16137,弃旧怜新,24
16139,弃旧迎新,20
16164,歧路徘徊,15
16178,齐眉举案,8
16180,旗靡辙乱,15
16205,七擒七纵,12
16212,栖丘饮谷,38
16213,齐驱并驾,9
16224,欺人自欺,4
16226,妻荣夫贵,28
16229,欺软怕硬,1
16240,漆身吞炭,41
16241,七生七死,34
16243,欺世盗名,2
16253,欺霜傲雪,21
16255,起死回生,3
16256,七死七生,34
16262,齐天洪福,15
16312,齐心戮力,16
16314,齐心协力,1
16321,泣血枕戈,39
16341,气宇轩昂,12
16348,奇珍异宝,7
16357,气壮胆粗,21
16359,气壮理直,6
16367,七纵七擒,16
16386,千差万别,7
16388,牵肠割肚,18
16389,牵肠挂肚,4
16399,千愁万恨,16
16401,千疮百孔,4
16415,前度刘郎,30
16417,千端万绪,17
16419,千方百计,1
16453,千红万紫,5
16454,前呼后拥,12
16456,千回百折,16
16462,遣将调兵,5
16464,千娇百媚,17
16467,千金弊帚,27
16468,千金敝帚,8
16473,千金一刻,3
16474,千金一壸,40
16475,千金一诺,5
16476,千金一笑,15
16477,千金一掷,6
16486,千钧一发,7
16523,千门万户,1
16533,倩女离魂,44
16537,千奇百怪,8
16539,搴旗斩将,17
16541,千千万万,1
16545,迁乔出谷,38
16548,千秋万代,9
16549,千秋万古,8
16551,千秋万岁,9
16560,迁善改过,18
16564,千山万水,1
16565,堑山堙谷,43
16576,千丝万缕,4
16578,千随百顺,13
16589,千头万绪,7
16601,千辛万苦,1
16603,潜形匿迹,25
16620,千岩万壑,17
16622,千言万语,1
16630,潜移默化,4
16632,潜移默转,21
16651,千载一时,8
16656,浅斟低唱,22
16670,强兵富国,9
16677,抢地呼天,21
16685,墙花路柳,37
16686,强记博闻,15
16691,枪林弹雨,4
16700,强识博闻,14
16702,强食弱肉,8
16706,墙头马上,19
16718,敲冰戛玉,18
16735,敲金击玉,25
16736,敲金戛玉,18
16747,巧取豪夺,12
16769,巧语花言,5
16798,挈领提纲,10
16812,窃玉偷香,17
16820,亲操井臼,38
16827,衾寒枕冷,25
16833,秦镜高悬,43
16835,亲离众叛,9
16837,秦楼楚馆,21
16841,寝皮食肉,22
16869,螓首蛾眉,49
16876,琴心剑胆,31
16898,轻财重义,27
16905,轻车熟路,11
16907,倾城倾国,6
16909,清词丽句,20
16910,清辞丽句,36
16913,青灯黄卷,42
16925,清风高节,27
16928,清风朗月,24
16930,清风两袖,7
16931,清风明月,9
16939,清歌妙舞,19
16943,倾国倾城,4
16956,倾家荡产,1
16976,倾筐倒箧,19
16992,轻描淡写,6
16995,轻诺寡信,18
16996,倾盆大雨,12
17001,青钱万选,29
17005,轻裘肥马,13
17013,青山绿水,2
17014,青衫司马,29
17022,情深一往,6
17027,轻生重义,26
17032,青史垂名,21
17050,青天白日,9
17062,情投意合,2
17068,清渭浊泾,24
17079,青鞋布袜,50
17083,倾心吐胆,20
17109,清源正本,13
17112,青云直上,2
17117,轻重缓急,7
17132,情长纸短,18
17133,穷兵黩武,5
17146,琼浆玉液,12
17154,琼楼玉宇,12
17161,跫然足音,49
17170,穷途末路,3
17176,穷凶极恶,3
17183,穷源溯流,24
17186,琼枝玉树,29
17188,裘弊金尽,36
17218,求全责备,4
17221,秋色平分,8
17226,秋实春华,10
17232,秋水盈盈,28
17233,求田问舍,40
17242,秋月春花,19
17268,趋吉避凶,17
17295,去甚去泰,28
17300,去泰去甚,29
17303,曲突徙薪,12
17318,趋炎附势,12
17322,取义成仁,12
17335,劝百讽一,45
17362,全能全智,19
17370,劝善惩恶,23
17393,全智全能,16
17398,鹊巢鸠居,41
17401,鹊巢鸠占,7
17410,雀角鼠牙,40
17463,燃萁煮豆,17
17476,攘攘熙熙,9
17478,让三让再,18
17479,攘外安内,18
17480,攘往熙来,21
17482,让再让三,14
17483,让枣推梨,32
17489,惹草拈花,9
17490,惹草沾花,7
17491,热肠古道,19
17496,惹祸招灾,10
17519,忍耻含垢,22
17541,人非物是,6
17559,人间天上,17
17562,人杰地灵,8
17572,任劳任怨,1
17577,人面兽心,3
17578,人面桃花,23
17588,忍气吞声,3
17593,人强马壮,16
17600,人情世态,21
17613,仁人志士,11
17617,忍辱含垢,20
17630,人事不省,12
17643,人亡家破,12
17644,人亡物在,17
17656,人心大快,4
17682,人仰马翻,3
17690,认影迷头,50
17695,任怨任劳,3
17696,人怨神怒,15
17697,人怨天怒,18
17716,任重致远,26
17720,人足家给,23
17724,日薄西山,10
17752,日久年深,10
17755,日久天长,1
17762,日丽风和,7
17770,日暮道远,23
17772,日暮途穷,3
17774,日暖风和,3
17791,日新月异,9
17816,日月蹉跎,12
17826,日月参辰,43
17855,荣华富贵,4
17857,融会贯通,4
17875,荣宗耀祖,12
17901,肉跳心惊,7
17903,肉眼凡夫,20
17904,肉眼凡胎,12
17905,肉眼愚眉,31
17920,如痴如醉,5
17921,如痴似醉,11
17926,如椽大笔,15
17942,辱国丧师,19
17960,如饥如渴,6
17966,如胶似漆,1
17973,如渴如饥,10
17974,茹苦含辛,6
17991,茹毛饮血,4
17997,如梦如醉,10
18012,茹柔吐刚,45
18016,入圣超凡,28
18018,入室操戈,39
18020,入室升堂,20
18029,入死出生,5
18048,儒雅风流,19
18058,如鱼似水,15
18065,入主出奴,29
18070,如醉如痴,3
18072,如醉如梦,7
18105,若即若离,7
18106,若离若即,10
18111,弱肉强食,4
18125,撒痴撒娇,14
18128,撒娇撒痴,12
18130,撒泼打滚,21
18131,撒泼放刁,23
18135,飒爽英姿,8
18146,塞翁失马,1
18171,三迭阳关,30
18174,三番两次,7
18180,三分鼎足,17
18181,三坟五典,43
18189,三更半夜,1
18191,三顾草庐,19
18193,三顾茅庐,8
18198,三户亡秦,37
18213,三教九流,7
18222,三令五申,8
18225,散马休牛,27
18229,三沐三熏,42
18230,三沐三薰,46
18236,三平二满,15
18250,三三两两,1
18276,三头六臂,6
18280,三推六问,31
18291,三心两意,6
18292,三衅三浴,48
18297,三熏三沐,42
18298,三薰三沐,46
18306,三余读书,25
18307,三浴三衅,48
18309,三灾八难,25
18313,三贞九烈,32
18320,丧胆亡魂,26
18341,丧师辱国,16
18343,桑枢瓮牖,47
18346,桑田沧海,9
18355,桑榆暮景,29
18383,扫穴犁庭,48
18401,森罗万象,27
18402,森严壁垒,15
18403,僧多粥少,6
18419,杀马毁车,24
18446,筛锣擂鼓,22
18456,山崩海啸,10
18461,山长水远,9
18474,山光水色,22
18476,山河表里,16
18496,山盟海誓,4
18498,山明水秀,2
18509,山穷水尽,1
18524,山颓木坏,45
18527,扇席温枕,38
18530,苫眼铺眉,40
18531,山摇地动,12
18534,山遥水远,13
18536,山肴野蔌,24
18547,扇枕温衾,46
18548,扇枕温席,40
18569,伤风败化,20
18570,伤风败俗,7
18578,伤化败俗,22
18598,上替下陵,41
18616,赏心悦目,2
18622,商彝夏鼎,47
18644,烧琴煮鹤,46
18658,舍本逐末,4
18660,舌敝唇焦,11
18675,舌剑唇枪,6
18695,社鼠城狐,33
18696,舍死忘生,9
18705,蛇心佛口,15
18708,折腰五斗,24
18709,蛇影杯弓,8
18710,射影含沙,9
18712,射鱼指天,38
18738,神差鬼使,11
18741,参辰日月,43
18746,神愁鬼哭,29
18771,神工鬼斧,7
18777,深沟高垒,29
18783,神号鬼哭,11
18784,神嚎鬼哭,10
18785,神号鬼泣,17
18786,参横斗转,36
18804,神机妙算,8
18812,神焦鬼烂,29
18829,蜃楼海市,8
18844,深谋远虑,2
18846,神怒人怨,17
18896,慎始敬终,23
18917,身退功成,12
18963,神怡心旷,5
18982,慎终追远,35
18983,神州赤县,12
19007,剩馥残膏,45
19027,生离死别,2
19029,生灵涂炭,12
19047,绳趋尺步,35
19052,声色狗马,28
19056,生杀予夺,13
19066,绳枢瓮牖,49
19069,剩水残山,28
19073,声嘶力竭,5
19082,升堂入室,18
19083,生吞活剥,11
19096,生张熟魏,43
19201,十二金钗,24
19214,是非颠倒,4
19216,饰非拒谏,18
19221,饰非文过,12
19222,饰非掩过,20
19240,时乖命蹇,26
19244,时乖运蹇,21
19245,时乖运拙,31
19253,誓海盟山,26
19255,十寒一暴,14
19272,石火电光,25
19306,势均力敌,4
19321,时来运转,2
19322,石烂海枯,18
19340,失马塞翁,5
19341,食毛践土,45
19370,石破天惊,10
19378,十亲九故,20
19382,诗情画意,9
19405,誓日指天,27
19407,食肉寝皮,21
19442,石室金匮,40
19476,世态人情,20
19477,世态炎凉,8
19489,豕突狼奔,9
19491,识途老马,8
19506,尸位素餐,12
19552,拾遗补阙,17
19561,时移世异,22
19562,世异时移,20
19573,十雨五风,33
19584,诗云子曰,7
19601,失之交臂,2
19603,饰智矜愚,39
19639,守道安贫,19
19645,守分安常,29
19655,手挥目送,39
19679,守缺抱残,15
19680,守阙抱残,27
19687,收视反听,27
19702,手舞足蹈,1
19706,兽心人面,7
19725,守株待兔,1
19727,手足胼胝,24
19733,数白论黄,30
19742,疏财仗义,16
19744,输财助边,43
19748,鼠窜狼奔,28
19770,鼠肝虫臂,32
19779,数黑论黄,36
19788,书空咄咄,44
19790,黍离麦秀,40
19791,漱流枕石,42
19792,熟路轻车,13
19796,束马悬车,33
19797,舒眉展眼,26
19803,鼠目獐头,15
19813,鼠窃狗盗,21
19814,鼠窃狗偷,21
19836,漱石枕流,43
19864,殊涂同归,29
19865,殊途同归,7
19868,暑往寒来,10
19870,熟魏生张,43
19884,鼠牙雀角,40
19911,双柑斗酒,43
19956,水火不避,28
19963,水尽山穷,5
19991,水色山光,23
19992,水深火热,1
19997,水土不服,9
20004,水性杨花,11
20006,水秀山明,6
20009,水远山长,13
20010,水远山遥,14
20012,水月镜花,16
20035,顺人应天,32
20036,舜日尧年,44
20037,舜日尧天,29
20063,说地谈天,8
20064,说东道西,9
20067,说短论长,9
20089,铄石流金,18
20094,硕学通儒,41
20103,死别生离,6
20140,四海九州,13
20152,死灰槁木,15
20157,司空见惯,5
20164,驷马高车,13
20169,司马青衫,30
20174,四面楚歌,2
20185,似漆如胶,5
20206,似水流年,2
20207,似水如鱼,18
20259,似醉如痴,11
20265,送抱推襟,37
20268,颂德歌功,10
20270,送故迎新,23
20271,耸壑昂霄,24
20277,送旧迎新,7
20280,松茂竹苞,46
20281,送暖偷寒,44
20293,送往迎来,12
20313,素餐尸位,16
20315,粟陈贯朽,42
20317,粟红贯朽,41
20320,溯流穷源,27
20352,随波逐浪,17
20356,随车甘雨,36
20359,随地随时,10
20362,遂非文过,34
20371,碎骨粉身,7
20385,随人俯仰,19
20388,碎身粉骨,10
20397,随时随地,7
20401,碎首糜躯,40
20428,岁月蹉跎,6
20430,岁月峥嵘,5
20436,隋珠和璧,32
20451,损人利己,1
20469,琐尾流离,45
20486,踏破铁鞋,8
20495,太阿倒持,45
20499,泰来否极,8
20500,泰来否往,24
20506,泰然处之,10
20510,泰山鸿毛,22
20527,坦腹东床,21
20575,贪生怕死,1
20578,弹丝品竹,26
20579,忐忐忑忑,18
20580,探汤蹈火,26
20584,谈天说地,6
20592,弹丸脱手,26
20599,袒裼裸裎,48
20628,堂皇富丽,14
20629,堂皇冠冕,10
20630,堂皇正大,23
20640,堂堂一表,9
20641,堂堂正正,4
20650,韬戈卷甲,38
20652,韬光晦迹,21
20657,韬光养晦,3
20662,桃红柳绿,18
20664,桃花流水,15
20665,桃花人面,25
20672,桃僵李代,22
20679,桃李门墙,32
20718,忑忑忐忐,19
20719,腾达飞黄,8
20720,腾蛟起凤,24
20725,腾云驾雾,12
20729,擿伏发奸,42
20730,擿伏发隐,41
20732,提纲挈领,6
20733,提纲振领,27
20737,啼饥号寒,12
20752,梯山航海,44
20765,啼啼哭哭,7
20774,剔透玲珑,8
20777,体物缘情,31
20781,剔蝎撩蜂,47
20782,提心吊胆,1
20785,提要钩玄,44
20787,殢雨尤云,41
20791,天崩地坼,12
20809,天长地久,1
20811,天长日久,2
20812,天成地平,31
20816,添醋加油,14
20836,天翻地覆,1
20856,天花乱坠,3
20857,天荒地老,9
20867,天荆地棘,37
20870,天惊石破,13
20873,天空海阔,8
20884,天罗地网,4
20889,天南地北,2
20890,天南海北,3
20895,天怒人怨,16
20908,天上人间,16
20930,天下独步,17
20937,天下无敌,8
20941,天香国色,11
20946,天涯地角,10
20947,天涯海角,3
20948,天涯咫尺,7
20958,天衣无缝,3
20974,天真烂漫,7
20975,天真烂熳,19
20985,天姿国色,14
21000,调和鼎鼐,46
21006,跳梁小丑,12
21022,调丝品竹,30
21034,调朱弄粉,20
21042,铁板铜琶,31
21045,铁壁铜墙,6
21046,铁壁铜山,36
21055,铁画银钩,43
21056,铁马金戈,14
21067,铁鞋踏破,12
21070,铁砚磨穿,24
21086,亭台楼阁,14
21094,廷争面折,31
21099,通变达权,40
21108,同仇敌忾,5
21120,同德同心,5
21137,同工异曲,6
21146,同归殊涂,30
21147,同归殊途,11
21156,通今博古,13
21176,铜琶铁板,30
21180,同气连枝,27
21185,铜墙铁壁,5
21199,通儒硕学,41
21202,铜山铁壁,36
21216,同室操戈,8
21223,同条共贯,40
21229,铜驼荆棘,32
21247,同心毕力,22
21254,鉥心刿目,41
21255,同心合胆,25
21259,痛心疾首,1
21263,同心戮力,8
21268,同心同德,2
21272,同心协力,2
21279,童颜鹤发,10
21284,痛饮黄龙,27
21317,偷寒送暖,44
21324,头昏目眩,10
21367,投石下井,25
21372,投桃报李,6
21375,偷天换日,3
21376,头童齿豁,37
21385,偷香窃玉,17
21390,头晕目眩,4
21398,土崩瓦解,4
21399,土崩鱼烂,37
21401,吐哺握发,18
21404,吐胆倾心,22
21413,吐刚茹柔,45
21418,吐故纳新,12
21422,兔角龟毛,42
21424,土阶茅茨,48
21426,瘏口哓音,49
21428,徒劳往返,16
21444,吐气扬眉,5
21446,途穷日暮,7
21461,涂炭生灵,15
21475,兔走乌飞,41
21477,团花簇锦,24
21504,推襟送抱,37
21506,推梨让枣,31
21509,推轮捧毂,47
21510,退旅进旅,29
21516,推食解衣,25
21528,颓垣败井,27
21542,屯粮积草,24
21546,吞声忍气,6
21547,吞声饮恨,25
21548,吞声饮气,20
21549,吞声饮泣,8
21550,吞炭漆身,41
21566,唾壶击碎,45
21572,脱壳金蝉,5
21575,拖麻拽布,43
21579,拖泥带水,3
21584,脱手弹丸,28
21588,脱胎换骨,5
21606,瓦釜雷鸣,18
21609,瓦解冰消,11
21611,瓦解土崩,8
21627,外刚内柔,26
21629,外合里应,6
21643,万别千差,9
21647,万代千秋,13
21660,万古千秋,9
21665,万壑千岩,18
21667,万恨千愁,16
21668,万户千门,5
21671,万家灯火,7
21678,晚节黄花,32
21682,纨裦膏粱,31
21683,万苦千辛,5
21692,万里鹏程,11
21698,万缕千丝,8
21740,万水千山,2
21745,万岁千秋,13
21749,万万千千,1
21754,万象森罗,29
21755,万绪千端,20
21756,万绪千头,11
21757,万选青钱,30
21761,万语千言,2
21766,万紫千红,1
21771,忘餐废寝,7
21788,忘恩背义,16
21789,忘恩负义,3
21793,枉法徇私,6
21794,往返徒劳,17
21819,亡国破家,14
21829,亡魂丧胆,25
21848,望梅止渴,6
21860,亡秦三户,37
21866,忘生舍死,12
21869,王孙公子,16
21880,忘象得意,25
21915,未艾方兴,26
21937,帷灯匣剑,49
21943,为非作歹,2
21946,威风八面,5
21951,威凤祥麟,46
21966,偎红倚翠,43
21973,伟绩丰功,9
22004,惟妙惟肖,5
22081,纬武经文,38
22088,惟肖惟妙,6
22104,危言正色,30
22120,渭浊泾清,48
22121,魏紫姚黄,28
22137,文从字顺,9
22161,文过饰非,8
22162,文过遂非,34
22180,问柳寻花,18
22182,闻名遐迩,4
22185,温衾扇枕,46
22203,问舍求田,40
22204,文身断发,25
22229,温席扇枕,40
22236,文修武偃,37
22258,温枕扇席,38
22273,瓮牖桑枢,47
22274,瓮牖绳枢,49
22279,握发吐哺,22
22285,卧虎藏龙,3
22289,蜗角蝇头,32
22304,握雾拏云,42
22306,卧薪尝胆,6
22310,卧雪眠霜,43
22312,握瑜怀瑾,26
22314,握雨携云,28
22318,乌白马角,35
22323,舞弊营私,12
22324,无边风月,19
22328,雾鬓风鬟,29
22329,雾鬓云鬟,46
22335,无补于事,10
22359,无党无偏,37
22364,无敌天下,8
22369,五典三坟,43
22379,五斗折腰,26
22393,乌飞兔走,41
22397,五风十雨,33
22398,无缝天衣,7
22404,物阜民安,19
22406,物阜民康,20
22410,雾阁云窗,37
22447,物换星移,11
22464,雾集云合,23
22486,无尽无穷,5
22500,无拘无束,3
22527,无了无休,19
22541,无虑无思,29
22542,无虑无忧,6
22566,吴牛喘月,45
22569,无偏无党,37
22589,无穷无尽,1
22611,巫山云雨,12
22616,五申三令,12
22628,物是人非,2
22639,无束无拘,7
22642,无思无虑,28
22685,吴头楚尾,42
22687,乌头马角,35
22708,舞文弄法,28
22724,舞榭歌楼,16
22725,舞榭歌台,18
22729,无形无影,16
22733,无休无了,22
22742,武偃文修,37
22762,无影无形,15
22763,无影无踪,3
22771,无忧无虑,2
22784,巫云楚雨,43
22786,物在人亡,16
22788,舞爪张牙,8
22800,无踪无影,5
22814,西窗剪烛,49
22819,席地幕天,22
22820,戏蝶游蜂,44
22828,系风捕影,43
22841,习故安常,34
22842,袭故蹈常,42
22850,析骸易子,43
22868,熙来攘往,18
22869,惜老怜贫,23
22900,西山日薄,14
22919,洗髓伐毛,43
22924,夕惕朝乾,43
22931,熙熙攘攘,5
22939,洗心革面,3
22942,徙薪曲突,16
22944,喜新厌故,11
22963,惜玉怜香,7
22977,西子捧心,35
22999,夏鼎商彝,47
23001,遐迩闻名,4
23010,匣剑帷灯,49
23011,下井投石,25
23012,下里巴人,8
23014,下陵上替,41
23016,夏炉冬扇,48
23017,狭路相逢,5
23024,下气怡声,37
23033,霞蔚云蒸,25
23060,闲非闲是,12
23063,仙风道骨,7
23072,先河后海,33
23076,闲花野草,20
23078,衔环结草,10
23091,涎脸涎皮,33
23103,涎皮涎脸,32
23104,嫌贫爱富,4
23107,显亲扬名,21
23131,闲是闲非,9
23136,掀天揭地,8
23181,衔冤负屈,14
23183,闲云野鹤,7
23195,险阻艰难,10
23196,跣足科头,30
23207,香草美人,34
23209,香车宝马,25
23228,相逢狭路,7
23250,祥麟威凤,46
23251,降龙伏虎,11
23269,相濡以沫,6
23277,相失交臂,30
23288,巷尾街头,3
23292,香消玉减,28
23293,香消玉碎,28
23312,巷议街谈,11
23336,小丑跳梁,15
23369,小廉大法,36
23372,啸侣命俦,43
23377,萧墙祸起,11
23387,潇洒风流,6
23394,销声匿迹,3
23424,小心翼翼,3
23435,小异大同,5
23437,宵衣旰食,12
23439,哓音瘏口,49
23450,小子后生,9
23471,胁肩谄笑,19
23479,协力齐心,4
23480,协力同心,3
23497,挟细拿粗,49
23502,携幼扶老,9
23503,携云握雨,29
23505,心谤腹非,36
23514,心长发短,34
23522,新仇旧恨,7
23523,新愁旧恨,12
23526,心粗胆大,17
23548,心服口服,9
23567,心寒胆战,18
23579,心灰意懒,11
23581,心回意转,15
23583,新婚燕尔,12
23584,新婚宴尔,19
23595,心惊胆颤,11
23599,心惊胆战,2
23600,心惊肉跳,3
23617,心旷神怡,2
23639,心忙意乱,20
23723,心慵意懒,21
23726,心猿意马,3
23737,心直口快,1
23757,行藏用舍,33
23759,星驰电掣,18
23765,形单影只,4
23772,腥风血雨,12
23773,兴风作浪,3
23780,形孤影只,17
23793,行奸卖俏,38
23800,兴利除害,16
23807,星罗棋布,12
23867,星移斗转,8
23869,星移物换,14
23886,行云流水,7
23888,幸灾乐祸,1
23890,行针步线,28
23898,行浊言清,38
23900,雄辩高谈,21
23940,熊腰虎背,6
23973,羞花闭月,6
23980,绣口锦心,32
23991,休牛散马,25
24002,宿水餐风,19
24009,修文偃武,14
24013,宿雨餐风,19
24018,朽株枯木,25
24025,续凫断鹤,30
24026,续凫截鹤,42
24027,絮果兰因,49
24036,恤老怜贫,26
24067,虚舟飘瓦,38
24071,轩昂气宇,14
24078,悬车束马,33
24081,悬鹑百结,44
24106,悬梁刺股,7
24108,悬门抉目,37
24111,眩目惊心,25
24118,揎拳捰袖,48
24122,揎拳裸袖,42
24123,揎拳攞袖,45
24124,揎拳捋袖,50
24155,悬疣附赘,33
24157,轩轾不分,14
24164,雪案萤窗,40
24169,学步邯郸,10
24172,雪耻报仇,8
24189,雪窑冰天,21
24190,雪窖冰天,18
24206,雪泥鸿爪,18
24211,学浅才疏,10
24229,血雨腥风,14
24230,雪月风花,14
24253,循规蹈矩,12
24256,寻壑经丘,37
24258,寻花问柳,14
24269,循名责实,28
24278,徇私枉法,4
24299,寻章摘句,21
24302,寻踪觅迹,12
24304,鸭步鹅行,28
24406,掩耳盗铃,1
24407,掩耳盗钟,17
24411,宴尔新婚,20
24412,燕尔新婚,15
24431,厌故喜新,15
24440,掩过饰非,16
24443,燕颔虎头,29
24449,嫣红姹紫,9
24471,颜筋柳骨,39
24509,炎凉世态,11
24512,燕侣莺俦,47
24527,厌难折冲,34
24529,延年益寿,6
24541,言清行浊,38
24543,燕雀处堂,39
24554,言三语四,22
24563,燕瘦环肥,28
24568,烟蓑雨笠,48
24571,言谈举止,6
24575,言听计行,19
24596,偃武修文,10
24597,燕舞莺歌,5
24601,言笑不苟,7
24603,烟消火灭,22
24604,眼笑眉飞,12
24632,奄奄一息,5
24637,雁杳鱼沉,39
24646,燕语莺声,17
24647,燕语莺啼,18
24649,燕约莺期,39
24651,烟云过眼,13
24678,羊肠鸟道,20
24682,阳春白雪,7
24683,阳春有脚,27
24691,阳关三迭,29
24693,杨花水性,15
24706,养晦韬光,7
24708,扬己露才,37
24715,扬厉铺张,36
24723,扬眉吐气,1
24727,扬名显亲,24
24729,扬清激浊,21
24732,仰取俯拾,33
24748,佯输诈败,28
24751,扬威耀武,8
24766,扬扬得意,6
24767,洋洋得意,4
24786,瑶草琪花,23
24790,摇唇鼓舌,17
24806,姚黄魏紫,27
24811,腰金衣紫,35
24820,尧年舜日,44
24835,尧天舜日,30
24838,摇头摆尾,5
24855,耀武扬威,4
24857,杳无音信,3
24883,耀祖荣宗,12
24885,曳兵弃甲,14
24889,野草闲花,20
24896,野鹤孤云,20
24897,野鹤闲云,9
24900,夜静更深,9
24917,野蔌山肴,27
24924,冶叶倡条,50
24926,业业兢兢,9
24929,夜雨对床,34
24940,一斑窥豹,7
24948,异宝奇珍,9
24967,遗编断简,28
24976,一表堂堂,9
25003,亦步亦趋,6
25007,异草奇花,14
25028,一尘不染,3
25031,宜嗔宜喜,44
25035,一弛一张,13
25037,一筹莫展,4
25065,倚翠偎红,43
25083,义胆忠肝,26
25085,揖盗开门,16
25092,一德一心,23
25096,意得志满,16
25108,一丁不识,8
25114,移宫换羽,47
25133,一发千钧,8
25164,移风易俗,9
25178,蚁附蜂屯,43
25180,蚁附蝇集,31
25227,意广才疏,28
25230,疑鬼疑神,7
25234,义海恩山,32
25245,意合情投,6
25284,蚁集蜂攒,42
25291,衣架饭囊,21
25298,宜家宜室,13
25348,蚁聚蜂攒,42
25349,蚁聚蜂屯,24
25365,一刻千金,2
25384,一匡九合,41
25386,一壸千金,40
25397,意懒心灰,13
25398,意懒心慵,22
25405,轶类超群,29
25446,意乱心忙,20
25462,意马心猿,7
25469,意满志得,10
25470,一毛不拔,3
25508,以沫相濡,10
25519,旖旎风光,14
25527,一诺千金,3
25532,一片冰心,22
25545,一颦一笑,3
25548,一暴十寒,10
25566,一钱不名,19
25567,一钱不值,6
25571,抑强扶弱,14
25582,衣轻乘肥,40
25597,异曲同工,4
25599,亦趋亦步,10
25604,逸群绝伦,26
25606,依然故我,10
25693,疑神疑鬼,3
25696,一生九死,6
25698,怡声下气,37
25720,一时千载,12
25732,宜室宜家,13
25733,轶事遗闻,15
25746,益寿延年,8
25755,沂水春风,43
25774,易俗移风,13
25799,倚天拔地,33
25817,疑团满腹,15
25819,一团漆黑,8
25828,一往情深,2
25842,一文不名,6
25855,遗闻轶事,14
25883,一息奄奄,8
25884,宜喜宜嗔,44
25885,一夕一朝,6
25907,一笑千金,18
25911,一笑一颦,4
25927,一心一德,22
25939,移星换斗,31
25985,抑扬顿挫,12
25986,依样葫芦,6
26019,一意孤行,2
26032,翼翼小心,7
26095,一张一弛,11
26096,一朝一夕,2
26099,易辙改弦,19
26108,义正辞严,7
26109,义正词严,4
26111,一致百虑,27
26115,一知半解,1
26126,一掷千金,2
26139,义重恩深,8
26147,意转心回,18
26155,一字不易,25
26166,易子析骸,43
26168,衣紫腰金,35
26212,吟风弄月,11
26219,银钩铁画,43
26221,饮谷栖丘,38
26222,堙谷堑山,43
26236,饮恨吞声,23
26240,银花火树,16
26260,引类呼朋,26
26270,饮露餐风,18
26285,饮气吞声,23
26286,饮泣吞声,4
26321,饮水啜菽,27
26336,引线穿针,8
26340,音信杳无,5
26343,饮血茹毛,8
26373,荫子封妻,15
26374,引足救经,37
26379,莺俦燕侣,47
26380,萤窗雪案,40
26389,莺飞草长,12
26400,莺歌燕舞,1
26406,蝇集蚁附,32
26407,迎奸卖俏,39
26415,迎来送往,11
26427,莺期燕约,39
26447,莺声燕语,17
26454,营私舞弊,11
26455,营私植党,21
26459,莺啼燕语,18
26463,应天顺人,32
26468,蝇头蜗角,33
26478,迎新弃旧,22
26479,迎新送故,23
26480,迎新送旧,8
26489,映雪囊萤,16
26497,蝇营狗苟,8
26499,盈盈秋水,29
26511,影只形单,8
26512,影只形孤,18
26516,英姿飒爽,6
26541,勇猛精进,14
26556,用舍行藏,33
26583,咏月嘲风,42
26619,游蜂浪蝶,32
26620,游蜂戏蝶,44
26625,油干灯尽,31
26657,有脚阳春,27
26680,游目骋怀,11
26744,油头粉面,10
26818,尤云殢雨,41
26848,雨鬓风鬟,39
26865,鱼沉鸿断,33
26869,鱼沉雁杳,39
26882,雨打风吹,5
26888,予夺生杀,17
26898,吁咈都俞,50
26900,雨覆云翻,17
26908,玉骨冰肌,29
26937,玉减香消,29
26940,玉洁冰清,11
26952,鱼溃鸟散,39
26953,玉昆金友,42
26955,鱼烂河决,37
26957,鱼烂土崩,37
26959,玉粒桂薪,30
26960,雨笠烟蓑,48
26975,鱼龙曼衍,49
26981,玉律金科,16
26988,愚眉肉眼,31
26997,榆瞑豆重,44
27014,玉砌雕阑,24
27022,逾墙钻隙,38
27023,逾墙钻穴,24
27025,玉清冰洁,22
27043,玉润冰清,30
27044,玉润珠圆,23
27046,雨散云飞,22
27047,雨散云收,22
27049,羽扇纶巾,13
27056,玉石不分,9
27064,玉食锦衣,13
27074,于事无补,8
27085,玉树琼枝,28
27089,玉树芝兰,28
27098,雨顺风调,6
27102,语四言三,24
27107,玉碎香消,29
27109,玉碎珠沉,34
27113,玉堂金马,34
27133,逾闲荡检,48
27144,娱心悦目,29
27156,玉液金波,36
27157,玉液金浆,37
27158,玉叶金枝,12
27159,玉液琼浆,14
27167,余音袅袅,5
27185,玉宇琼楼,14
27189,鱼跃鸢飞,22
27190,雨约云期,33
27191,余韵流风,31
27193,玉振金声,25
27194,玉质金相,37
27212,纡尊降贵,24
27229,鸢飞鱼跃,19
27233,猿鹤虫沙,42
27237,冤家对头,8
27248,猿惊鹤怨,36
27256,圆颅方趾,14
27257,远虑深谋,6
27265,怨女旷夫,20
27272,缘情体物,32
27295,渊渟岳峙,46
27304,渊鱼丛雀,45
27317,圆凿方枘,27
27318,远至迩安,40
27320,沅芷澧兰,50
27322,远瞩高瞻,7
27323,远走高飞,7
27324,月白风清,9
27327,月地云阶,28
27331,越古超今,22
27334,月朗风清,11
27337,月露风云,28
27345,月貌花容,12
27349,悦目赏心,6
27350,悦目娱心,29
27353,月缺花残,28
27358,月夕花晨,31
27359,月夕花朝,35
27360,月下花前,10
27363,月夜花朝,36
27364,月异日新,13
27366,月圆花好,6
27377,岳峙渊渟,46
27405,云窗雾阁,37
27411,云淡风轻,11
27415,云翻雨覆,16
27418,云飞雨散,23
27424,云合雾集,20
27427,云鬟雾鬓,46
27433,运蹇时乖,23
27435,云阶月地,29
27447,云龙风虎,32
27462,云期雨约,33
27467,云散风流,23
27471,云收雨散,23
27497,云烟过眼,14
27503,云雨巫山,13
27509,云蒸霞蔚,22
27517,运转时来,6
27518,运拙时乖,32
27531,载驰载驱,20
27545,灾梨祸枣,47
27547,载驱载驰,20
27588,皂白不分,8
27608,造极登峰,17
27649,造作矫揉,9
27651,责备求全,7
27661,责实循名,26
27671,贼臣逆子,29
27683,贼子乱臣,19
27687,甑尘釜鱼,47
27692,诈败佯输,27
27703,摘瓜抱蔓,42
27704,摘句寻章,24
27719,斩钉截铁,5
27729,沾花惹草,3
27733,斩将搴旗,14
27743,瞻前顾后,5
27757,展眼舒眉,27
27761,战战兢兢,6
27799,仗马寒蝉,46
27819,獐头鼠目,12
27824,张牙舞爪,4
27826,仗义疏财,12
27830,瘴雨蛮烟,30
27834,招兵买马,3
27865,招军买马,25
27877,朝乾夕惕,43
27879,朝秦暮楚,5
27884,照人肝胆,14
27887,朝三暮四,1
27897,朝思暮想,4
27903,招贤纳士,17
27905,朝阳鸣凤,28
27906,招摇过市,11
27908,朝衣东市,50
27912,朝云暮雨,19
27914,招灾惹祸,8
27917,朝朝暮暮,2
27919,朝钟暮鼓,20
27925,折冲厌难,34
27928,折冲尊俎,45
27929,折冲樽俎,27
27940,折矩周规,38
27942,辙乱旗靡,11
27949,遮天蔽日,14
27955,者也之乎,15
27982,枕戈泣血,39
27998,真金烈火,14
28000,枕冷衾寒,24
28001,振领提纲,29
28002,枕流漱石,43
28007,阵马风樯,18
28031,枕石漱流,42
28059,真知灼见,4
28063,正本清源,10
28064,争长竞短,11
28067,正大光明,1
28068,正大堂皇,25
28107,拯溺扶危,29
28109,狰狞面目,8
28125,峥嵘岁月,5
28128,正色危言,31
28130,正色直言,32
28140,争先恐后,1
28143,争妍斗艳,11
28157,正正堂堂,8
28176,栉比鳞次,15
28178,知彼知己,4
28193,咫尺天涯,5
28207,志大才疏,9
28212,植党营私,18
28217,志得意满,6
28219,掷地金声,36
28226,纸短情长,17
28248,栉风沐雨,8
28272,纸贵洛阳,14
28273,治国安邦,7
28282,之乎者也,13
28288,只鸡斗酒,29
28292,知己知彼,4
28302,枝节横生,19
28312,止渴望梅,10
28317,芝兰玉树,26
28332,志满气得,22
28333,志满气骄,31
28334,志满意得,17
28348,知命乐天,19
28361,至亲骨肉,10
28374,知人论世,14
28387,执锐披坚,26
28395,直上青云,6
28403,志士仁人,11
28432,指天射鱼,38
28433,指天誓日,25
28435,志同道合,1
28462,直言正色,32
28479,致远任重,28
28506,直撞横冲,5
28513,纸醉金迷,4
28528,忠肝义胆,25
28543,踵接肩摩,12
28564,中流砥柱,4
28566,中流击楫,12
28574,钟鸣鼎食,23
28576,钟鸣漏尽,38
28590,众叛亲离,5
28624,忠心赤胆,5
28642,重义轻财,27
28643,重义轻生,24
28647,中原逐鹿,13
28670,周规折矩,38
28674,周郎顾曲,44
28676,周情孔思,37
28681,粥少僧多,10
28693,骤雨暴风,8
28694,骤雨狂风,16
28703,竹苞松茂,46
28708,助边输财,43
28714,珠沉玉碎,34
28718,铢称寸量,40
28723,朱唇粉面,22
28731,逐电追风,28
28733,煮豆燃萁,13
28734,逐队成群,27
28749,珠宫贝阙,14
28753,煮鹤焚琴,24
28754,煮鹤烧琴,46
28758,珠还合浦,30
28772,逐句逐字,6
28775,逐浪随波,18
28776,铢累寸积,23
28778,珠连璧合,37
28779,珠联璧合,5
28793,逐鹿中原,11
28802,逐末弃本,35
28803,逐末舍本,8
28821,逐日追风,30
28842,蛛丝马迹,5
28851,珠围翠绕,30
28884,珠圆玉润,21
28892,逐逐眈眈,45
28896,逐字逐句,6
28906,拽布拖麻,43
28937,馔玉炊金,45
28947,撞府冲州,47
28985,追风蹑影,36
28986,追风逐电,27
28987,追风逐日,31
28997,追欢买笑,17
28998,追欢卖笑,22
29012,追远慎终,35
29035,浊骨凡胎,39
29043,灼见真知,8
29053,浊泾清渭,21
29069,捉影捕风,8
29083,自暴自弃,1
29122,字里行间,10
29124,眦裂发指,23
29134,自欺欺人,1
29135,自弃自暴,4
29156,紫绶金章,14
29158,字顺文从,12
29182,子孝父慈,10
29210,子曰诗云,5
29242,纵横捭阖,13
29257,总总林林,12
29269,走石飞沙,5
29278,足兵足食,19
29285,足蹈手舞,5
29294,足食丰衣,5
29295,足食足兵,19
29299,足音空谷,14
29300,足音跫然,49
29315,钻懒帮闲,47
29324,钻隙逾墙,38
29327,钻穴逾墙,21
29344,罪魁祸首,5
29385,尊俎折冲,45
29386,樽俎折冲,29
29396,作歹为非,6
29397,左道旁门,10
29409,作福作威,7
29415,做鬼做神,13
29430,作浪兴风,7
29443,做神做鬼,14
29458,作威作福,3
29467,做小伏低,23
